<?xml version="1.0" encoding="UTF-8"?>
<addon
    id="script.lutris"
    name="Lutris"
    version="1.4.3"
    provider-name="Rob Loach">
    <requires>
        <import addon="xbmc.python" version="2.25.0" />
    </requires>
    <extension point="xbmc.python.pluginsource" library="default.py">
        <provides>game</provides>
    </extension>
    <extension point="xbmc.addon.metadata">
        <summary lang="en_GB">Lutris</summary>
        <description lang="en_GB">Lutris Kodi Addon is a frontent for Lutris in Kodi. You need to have Lutris installed to use this add-on.</description>
        <disclaimer lang="en_GB">For more information, visit Lutris.net.</disclaimer>
        <license>GNU GENERAL PUBLIC LICENSE. Version 2, June 1991</license>
        <website>http://lutris.net</website>
        <news lang="en_GB">Version 1.4.2: September 16th, 2020
		- Minor code improvements, by @solbero</news>
        <source>http://github.com/robloach/script.lutris</source>
        <assets>
            <icon>resources/icon.png</icon>
            <fanart>resources/fanart.jpg</fanart>
            <screenshot>resources/screenshot.jpg</screenshot>
        </assets>
        <platform>linux</platform>
        <language>en</language>
    </extension>
</addon>
